"1";"NVEC";"fs";0.687039455944507
"1";"NVEC";"arch";2.28686095756617e-05
"1";"NVEC";"net";0.996675517643962
"1";"NVEC";"kernel";0.353674364363167
"1";"NVEC";"mm";0.929357730875426
"1";"NVEC";"drivers";0.673195020393389
"1";"NVEC";"ipc";0.557895117320778
"1";"NVEC";"virt";0.820402641717577
"1";"NVEC";"sound";0.866154310524576
"1";"NVEC";"include";0.724202421968098
"1";"NVEC";"crypto";0.0101976682697508
"1";"NVEC";"block";0.410398637003839
"1";"NVEC";"security";0.0567412878626212
"1";"NVEC";"fs/nfs";2.29947519020739e-08
"1";"NVEC";"net/ipv4";0.999447848615206
"1";"NVEC";"fs/btrfs";0.988247726137443
"1";"NVEC";"fs/ext4";0.948474810370521
"1";"NVEC";"net/sctp";0.861822782372815
"1";"NVEC";"net/packet";0.998771240292967
"1";"NVEC";"net/core";7.94264120121012e-06
"1";"NVEC";"net/unix";0.998360746298925
"1";"NVEC";"net/ipv6";0.996976683709023
