"1";"NMEC";"fs";0.971452057578624
"1";"NMEC";"arch";0.999999999970798
"1";"NMEC";"net";0.999820884319195
"1";"NMEC";"kernel";1
"1";"NMEC";"mm";0.29249381109389
"1";"NMEC";"drivers";0.526068004280029
"1";"NMEC";"ipc";0.998099033812499
"1";"NMEC";"virt";0.999966259232741
"1";"NMEC";"sound";0.998214686795278
"1";"NMEC";"include";0.999434711207832
"1";"NMEC";"crypto";4.56039142964657e-05
"1";"NMEC";"block";0.747445006686017
"1";"NMEC";"security";0.999641923995846
"1";"NMEC";"fs/nfs";0.999999996228046
"1";"NMEC";"net/ipv4";0.999999993154194
"1";"NMEC";"fs/btrfs";1
"1";"NMEC";"fs/ext4";0.333204128278675
"1";"NMEC";"net/sctp";0.999999999986691
"1";"NMEC";"net/packet";0.999999999999339
"1";"NMEC";"net/core";0.99999999996589
"1";"NMEC";"net/unix";0.00585876729718977
"1";"NMEC";"net/ipv6";0.747365144790711
