"1";"NVMC";"fs";0.310698222830944
"1";"NVMC";"arch";7.73085692528764e-07
"1";"NVMC";"net";0.901789404692549
"1";"NVMC";"kernel";0.0229825174659313
"1";"NVMC";"mm";0.950600510318184
"1";"NVMC";"drivers";0.541597091086764
"1";"NVMC";"ipc";0.162125404204045
"1";"NVMC";"virt";0.800963448812823
"1";"NVMC";"sound";0.970086945456906
"1";"NVMC";"include";0.699029671389275
"1";"NVMC";"crypto";8.58507470497015e-11
"1";"NVMC";"block";0.611997539384251
"1";"NVMC";"security";0.578206345723694
"1";"NVMC";"fs/nfs";1.0272985701555e-06
"1";"NVMC";"net/ipv4";0.998887547100817
"1";"NVMC";"fs/btrfs";0.998185075651985
"1";"NVMC";"fs/ext4";0.912498375483114
"1";"NVMC";"net/sctp";0.482010131460726
"1";"NVMC";"net/packet";0.998081269003125
"1";"NVMC";"net/core";1.28233109641016e-05
"1";"NVMC";"net/unix";0.122495812129081
"1";"NVMC";"net/ipv6";0.985940721921458
