"1";"NFCMC";"fs";0.899495251207824
"1";"NFCMC";"arch";0.997916076105335
"1";"NFCMC";"net";0.591488207955618
"1";"NFCMC";"kernel";0.999999999784348
"1";"NFCMC";"mm";0.0441595228944049
"1";"NFCMC";"drivers";0.293692951280422
"1";"NFCMC";"ipc";0.938380073154609
"1";"NFCMC";"virt";0.129644283779423
"1";"NFCMC";"sound";0.0161117703099832
"1";"NFCMC";"include";0.204334336500992
"1";"NFCMC";"crypto";0.996513739472857
"1";"NFCMC";"block";0.000106619718825228
"1";"NFCMC";"security";0.726350705006964
"1";"NFCMC";"fs/nfs";0.96416240703036
"1";"NFCMC";"net/ipv4";0.154152694484978
"1";"NFCMC";"fs/btrfs";0.0067503847840976
"1";"NFCMC";"fs/ext4";0.159975590462358
"1";"NFCMC";"net/sctp";0.993860434786669
"1";"NFCMC";"net/packet";0.00923178865491039
"1";"NFCMC";"net/core";0.999972530211368
"1";"NFCMC";"net/unix";0.409602493964304
"1";"NFCMC";"net/ipv6";0.62108164343432
