"1";"NFCEC";"fs";0.896662548885043
"1";"NFCEC";"arch";0.989933409934227
"1";"NFCEC";"net";0.982795147684454
"1";"NFCEC";"kernel";0.999999999999987
"1";"NFCEC";"mm";0.0879563595607589
"1";"NFCEC";"drivers";0.465331354171686
"1";"NFCEC";"ipc";0.814006007804929
"1";"NFCEC";"virt";0.0955145612732574
"1";"NFCEC";"sound";0.114289551581534
"1";"NFCEC";"include";0.528021515939296
"1";"NFCEC";"crypto";0.999999164726368
"1";"NFCEC";"block";0.434719657175876
"1";"NFCEC";"security";0.924415057741924
"1";"NFCEC";"fs/nfs";0.86407035279196
"1";"NFCEC";"net/ipv4";0.111963690612959
"1";"NFCEC";"fs/btrfs";0.0155516048502328
"1";"NFCEC";"fs/ext4";0.089496124666317
"1";"NFCEC";"net/sctp";0.99733202225138
"1";"NFCEC";"net/packet";0.00511256841085548
"1";"NFCEC";"net/core";0.999989797210047
"1";"NFCEC";"net/unix";0.558587167775636
"1";"NFCEC";"net/ipv6";0.682491661504058
