"1";"NMMC";"fs";0.0128214686531562
"1";"NMMC";"arch";3.0520321209171e-15
"1";"NMMC";"net";1.83814185539119e-08
"1";"NMMC";"kernel";1.65109610466153e-16
"1";"NMMC";"mm";0.849090875075673
"1";"NMMC";"drivers";0.101326933185076
"1";"NMMC";"ipc";0.000467815371263556
"1";"NMMC";"virt";9.71310685762672e-06
"1";"NMMC";"sound";1.27001521994767e-06
"1";"NMMC";"include";0.00502559507532295
"1";"NMMC";"crypto";1.03853714956004e-08
"1";"NMMC";"block";0.727349474909266
"1";"NMMC";"security";0.112013341834783
"1";"NMMC";"fs/nfs";5.29660423171923e-12
"1";"NMMC";"net/ipv4";5.67626100105112e-18
"1";"NMMC";"fs/btrfs";1.49591925833536e-09
"1";"NMMC";"fs/ext4";0.482047310666191
"1";"NMMC";"net/sctp";2.41520986748684e-09
"1";"NMMC";"net/packet";1.00752421669775e-08
"1";"NMMC";"net/core";1.43302749560119e-05
"1";"NMMC";"net/unix";0.291025584287001
"1";"NMMC";"net/ipv6";0.180833436912695
