"1";"NFCMC";"fs";0.100504748792176
"1";"NFCMC";"arch";0.00208392389466542
"1";"NFCMC";"net";0.408511792044382
"1";"NFCMC";"kernel";2.15652019853977e-10
"1";"NFCMC";"mm";0.955840477105595
"1";"NFCMC";"drivers";0.706307048719578
"1";"NFCMC";"ipc";0.0616199268453914
"1";"NFCMC";"virt";0.870355716220577
"1";"NFCMC";"sound";0.983888229690017
"1";"NFCMC";"include";0.795665663499008
"1";"NFCMC";"crypto";0.00348626052714333
"1";"NFCMC";"block";0.999893380281175
"1";"NFCMC";"security";0.273649294993036
"1";"NFCMC";"fs/nfs";0.0358375929696395
"1";"NFCMC";"net/ipv4";0.845847305515022
"1";"NFCMC";"fs/btrfs";0.993249615215902
"1";"NFCMC";"fs/ext4";0.840024409537642
"1";"NFCMC";"net/sctp";0.00613956521333107
"1";"NFCMC";"net/packet";0.99076821134509
"1";"NFCMC";"net/core";2.74697886316871e-05
"1";"NFCMC";"net/unix";0.590397506035696
"1";"NFCMC";"net/ipv6";0.37891835656568
