"1";"NMMC";"fs";0.987178531346844
"1";"NMMC";"arch";0.999999999999997
"1";"NMMC";"net";0.999999981618581
"1";"NMMC";"kernel";1
"1";"NMMC";"mm";0.150909124924327
"1";"NMMC";"drivers";0.898673066814924
"1";"NMMC";"ipc";0.999532184628736
"1";"NMMC";"virt";0.999990286893142
"1";"NMMC";"sound";0.99999872998478
"1";"NMMC";"include";0.994974404924677
"1";"NMMC";"crypto";0.999999989614629
"1";"NMMC";"block";0.272650525090734
"1";"NMMC";"security";0.887986658165217
"1";"NMMC";"fs/nfs";0.999999999994703
"1";"NMMC";"net/ipv4";1
"1";"NMMC";"fs/btrfs";0.999999998504081
"1";"NMMC";"fs/ext4";0.517952689333809
"1";"NMMC";"net/sctp";0.99999999758479
"1";"NMMC";"net/packet";0.999999989924758
"1";"NMMC";"net/core";0.999985669725044
"1";"NMMC";"net/unix";0.708974415712999
"1";"NMMC";"net/ipv6";0.819166563087305
