"1";"NFCEC";"fs";0.103337451114957
"1";"NFCEC";"arch";0.0100665900657725
"1";"NFCEC";"net";0.0172048523155457
"1";"NFCEC";"kernel";1.26874235830911e-14
"1";"NFCEC";"mm";0.912043640439241
"1";"NFCEC";"drivers";0.534668645828314
"1";"NFCEC";"ipc";0.185993992195071
"1";"NFCEC";"virt";0.904485438726743
"1";"NFCEC";"sound";0.885710448418466
"1";"NFCEC";"include";0.471978484060704
"1";"NFCEC";"crypto";8.35273631818809e-07
"1";"NFCEC";"block";0.565280342824124
"1";"NFCEC";"security";0.0755849422580762
"1";"NFCEC";"fs/nfs";0.13592964720804
"1";"NFCEC";"net/ipv4";0.88803630938704
"1";"NFCEC";"fs/btrfs";0.984448395149767
"1";"NFCEC";"fs/ext4";0.910503875333683
"1";"NFCEC";"net/sctp";0.00266797774861997
"1";"NFCEC";"net/packet";0.994887431589144
"1";"NFCEC";"net/core";1.02027899534501e-05
"1";"NFCEC";"net/unix";0.441412832224364
"1";"NFCEC";"net/ipv6";0.317508338495942
